{"best_model_name": "Gradient Boosting", "r2_score": 0.7638968491918849, "rmse": 93678946.80743028}